OBJECTID,NAME,PYNAME,MAPID,ID,KIND,SNODE_ID,ENODE_ID,Shape_Leng
1270,,,595577,10000014487,0242,10000018594,10000017369,0.00661716846
1271,京沪线,jhx,595662,10000023573,0242,210000017221,10000028133,0.09496027419
1272,京通线,jtx,605655,10000023574,0242,10000009538,10000028134,0.03367957796
1273,京包线,jbx,605602,10000026291,0242,10000028655,210000008972,0.05203094475
1274,京承线,jcx,605647,10000011284,0242,110000007784,10000013471,0.06798797548
1275,,,595662,10000025891,0242,10000000818,110000006860,0.02307542956
1276,,,595661,10000029620,0242,10000001416,210000026763,0.00148134140
1277,,,595640,10046245245,0242,10046243353,10046243354,0.00013456563
1278,,,595640,10046245246,0242,10046243354,10046243352,0.00410681037
1279,,,595640,10046245247,0242,10046243352,10046243355,0.00527096548
1280,,,595640,10046245249,0242,10046243355,10046243356,0.00014994001
1281,京包线,jbx,605603,10000014011,0242,210000025078,10000016785,0.09072340355
1282,丰沙线,fsx,595662,10000004249,0242,210000011382,10000005122,0.02046640832
1283,,,595662,10000004250,0242,10000009395,10000005122,0.00925506169
1284,丰沙线,fsx,595662,10000004251,0242,10000007589,10000005122,0.01518623072
1285,,,595671,10000002518,0242,10000014093,10000003032,0.00019735759
1286,,,595664,10000002291,0242,10000015853,10000002762,0.00536973019
1287,,,595664,10000002292,0242,10000015684,10000002762,0.00534009261
1288,西北环线,xbhx,605612,10000013052,0242,210000022397,10000015606,0.00185709116
1289,,,605612,10000013053,0242,10000004459,10000015606,0.00721673864
1290,,,595665,10000011357,0242,10000021079,10000013559,0.00959019724
1291,京包线,jbx,595672,10000011404,0242,10000017650,10000013612,0.00010047890
1292,京包线,jbx,605621,10000014644,0242,10000000660,210000017558,0.03269849222
1293,,,605605,10000008326,0242,10000017412,10000009978,0.00546026001
1294,京通线,jtx,615701,10000011223,0242,210000013603,10000013390,0.00837492256
1295,京沪线,jhx,595651,10000005592,0242,10000009905,110000006745,0.03898766022
1296,京原线,jyx,595650,10000004781,0242,10000013246,210000005754,0.02994564997
1298,京原线,jyx,595661,10030090439,0242,10000028143,10030088838,0.00081643282
1299,京原线,jyx,595661,10030090440,0242,10030088838,10000002450,0.00324449249
1301,京广线,jgx,595661,10000011946,0242,210000022198,10000014273,0.00125051811
1302,西北环线,xbhx,605611,10000004191,0242,210000023590,10000005052,0.05295803655
1303,京津高速铁路,jjgstl,595655,10000004682,0242,10000008638,10000005632,0.00061530426
1304,丰沙线,fsx,605506,10000022589,0242,110000013220,10000026965,0.00159234917
1305,,,605506,10000022590,0242,10000013185,10000026965,0.05695460128
1306,,,605622,10000024334,0242,210000002887,10000029054,0.03416495194
1307,京广线,jgx,595641,10000022055,0242,10000016455,10000026337,0.03758342717
1308,京承线,jcx,595675,10000029593,0242,210000012441,110000026612,0.09986145276
1309,,,595652,10000002341,0242,10000016869,10000002821,0.00013339117
1310,,,595652,10000002342,0242,10000010740,10000002821,0.01057291002
1311,,,595664,10000003970,0242,10000008150,10000004796,0.00247230792
1312,,,595664,10000003971,0242,10000006108,10000004796,0.00161988016
1313,大秦线,dqx,605640,10000006300,0242,110000028694,110000007598,0.03357512050
1314,大秦线,dqx,605557,10000007596,0242,110000000178,10000009132,0.03477193483
1315,,,595662,10000010279,0242,10000029249,10000012293,0.03286449312
1316,京沪线,jhx,595662,10000010280,0242,10000004628,10000012293,0.01364744747
1317,大秦线,dqx,605617,10000010751,0242,110000006890,10000012828,0.01857950945
1318,,,595664,10000007472,0242,10000016143,10000008976,0.00627706931
1319,,,595640,10000007476,0242,210000002868,10000008982,0.00898870793
1320,京石客运专线,jskyzx,595661,10046245233,0242,110046243345,210046243340,0.10755566800
1321,京沪线,jhx,595662,10000005821,0242,10000016007,10000007011,0.00899251041
1322,丰沙线,fsx,595577,10000014130,0242,110000020940,10000016925,0.02927485258
1323,,,595577,10000014131,0242,10000017369,10000016925,0.00922142927
1324,京广线,jgx,595641,10000013741,0242,210000024963,10000016455,0.02795898616
1325,,,595641,10000013742,0242,10000010331,10000016455,0.00741848137
1326,京承线,jcx,605605,10000006482,0242,10000021608,10000007805,0.01140737742
1327,双丰线,sfx,595652,10000004029,0242,10000014053,10000004865,0.00752692655
1328,,,595641,10000012714,0242,10000026508,10000015207,0.02420947395
1329,,,605644,10000029975,0242,10000019864,110000028596,0.06336459163
1330,,,605547,10000002883,0242,10000014781,10000003465,0.00646267988
1331,,,595547,10000002379,0242,10000025417,110000002868,0.01909415313
1332,,,595567,10000014410,0242,10000025574,210000017255,0.03677059204
1333,,,595651,10000030016,0242,110000026763,110000028841,0.00375891759
1334,京石客运专线,jskyzx,595631,10046353215,0242,210046351328,10046243339,0.04490678180
1335,,,595664,10000019104,0242,10000027991,10000022811,0.00239413235
1336,,,595664,10000019105,0242,10046243334,10000022811,0.00204038183
1337,,,595664,10000019106,0242,10000002762,10000022811,0.00544025793
1338,,,595662,10000024496,0242,10000025850,10000029249,0.00129947333
1339,,,595662,10000024497,0242,10000000377,10000029249,0.00272603299
1340,京包线,jbx,605603,10000009198,0242,10000016785,10000011030,0.00162021288
1341,,,595641,10000018362,0242,10000005419,10000021924,0.00567777727
1342,京通线,jtx,605655,10000021486,0242,210000024243,10000025667,0.02716719967
1343,京津高速铁路,jjgstl,595645,10000026754,0242,110000021381,110000011440,0.08815064532
1344,,,595640,10000007244,0242,10000022682,10000008707,0.00818913008
1345,京沪线,jhx,595661,10000007866,0242,10000026158,10000009439,0.00480604137
1346,,,595661,10000007867,0242,10000008801,10000009439,0.00871344153
1347,,,605507,10000002686,0242,10000020705,210000003234,0.01621809786
1348,京包线,jbx,595664,10000012837,0242,10000001858,110000015344,0.01563382960
1349,,,595672,10000002465,0242,10000017248,10000002971,0.00375046513
1350,,,605640,10000002574,0242,10000020990,10000003103,0.00613804598
1351,丰沙线,fsx,605506,10000002227,0242,10000013185,110000002689,0.06859081606
1353,双丰线,sfx,595652,10000009461,0242,110000004559,10000011341,0.00593488602
1354,京包线,jbx,595672,10000008362,0242,110000008972,10000010026,0.00052083281
1355,,,595670,10000022903,0242,10000013344,10000027338,0.00182968851
1356,,,595640,10000023055,0242,10000026474,10000027508,0.00599878815
1357,京承线,jcx,605605,10000006806,0242,10000007805,10000008191,0.01144387351
1358,,,595650,10000006813,0242,10000028070,10000008201,0.01531293891
1359,,,605506,10000010975,0242,10000022473,10000013099,0.01654262807
1360,,,595642,10000009533,0242,10000008554,10000011424,0.00589893511
1361,,,595670,10000010236,0242,10000027338,10000012243,0.00045803714
1362,丰沙线,fsx,605516,10000021730,0242,210000000472,10000025965,0.00743153110
1363,双丰线,sfx,595664,10000019935,0242,10000026665,10000023808,0.01704845939
1364,,,595662,10000021755,0242,210000008421,10000025992,0.00301280285
1365,,,595661,10000021958,0242,10000028274,10000026231,0.00199547625
1366,京沪线,jhx,595662,10000013375,0242,10000028133,10000016007,0.01868802162
1367,,,595630,10000013923,0242,10000029171,10000016674,0.00007198942
1368,,,595674,10000013927,0242,10000012442,10000016680,0.00287425003
1369,,,595652,10000014084,0242,10000014127,10000016869,0.00767486139
1370,京沪线,jhx,595652,10000014085,0242,10000010740,10000016869,0.00841291598
1371,,,595665,10000004180,0242,10000013834,10000005040,0.00775418965
1373,,,595651,10000017193,0242,10000024644,10000020540,0.00402225192
1374,,,595650,10000021632,0242,10000013246,10000025841,0.02264185004
1375,,,595670,10000017932,0242,10000002815,10000021412,0.00314623483
1376,,,595661,10000018571,0242,10000009439,10000022183,0.00367495546
1377,,,595664,10000019704,0242,10000019855,10000023530,0.01485948449
1378,,,595664,10000019705,0242,10000002487,10000023530,0.00390126100
1379,,,595671,10000019823,0242,10000011678,10000023671,0.02354219933
1380,京承线,jcx,605635,10000009145,0242,10000023632,10000010964,0.00020644475
1381,,,595664,10000012043,0242,10000023037,10000014399,0.01506754783
1382,,,595664,10000012044,0242,10000016975,10000014399,0.00472935908
1383,,,595665,10000010542,0242,10000023161,210000012590,0.00549398103
1384,,,595577,10000015186,0242,10000011965,10000018191,0.00559181698
1385,,,605547,10000006095,0242,10000010109,10000007353,0.00539207216
1386,,,595670,10000019070,0242,10000008905,10000022774,0.00154170639
1387,,,595665,10000019168,0242,10000028537,10000022880,0.00010769612
1388,,,595663,10000015980,0242,10000028429,10000019116,0.00446262647
1389,,,595670,10000003303,0242,10000021412,10000003966,0.00688404904
1390,,,595670,10000021073,0242,110000014496,10000025179,0.01356360961
1391,,,595630,10000015808,0242,10000016674,10000018924,0.00491565233
1393,,,595650,10000023520,0242,10000025841,10000028070,0.01632506717
1394,,,595674,10000024116,0242,10000026194,10000028784,0.00096496942
1395,京石客运专线,jskyzx,595620,10046353212,0242,210046165350,110046351327,0.09564046087
1396,京石客运专线,jskyzx,595630,10046353214,0242,210046351327,110046351328,0.00586595920
1397,京承线,jcx,605741,10000029152,0242,110000022084,210000024198,0.03236495533
1398,,,595641,10000022056,0242,110000006508,10000026337,0.00184213252
1399,,,595660,10000006883,0242,10000013890,110000008284,0.00644354055
1400,,,595670,10000022829,0242,10000025179,10000027255,0.06723253019
1401,,,595537,10000016345,0242,110000012741,10000019557,0.02399893637
1402,,,595537,10000016346,0242,10000003394,10000019557,0.00730249331
1403,京通线,jtx,615701,10000016354,0242,10000013390,10000019567,0.05168230487
1404,,,605700,10000016360,0242,10000011618,10000019573,0.00698836361
1405,,,595674,10000023091,0242,10000003490,10000027552,0.00113887180
1406,,,595664,10000022676,0242,10000006108,10000027071,0.06945418199
1407,,,595671,10000022693,0242,10000026625,10000027092,0.00720387667
1408,京津高速铁路,jjgstl,595664,10000025207,0242,210000016221,210000003406,0.01098015205
1409,,,605622,10000028858,0242,10000017876,110000022668,0.00629909893
1410,京包线,jbx,605602,10000014225,0242,10000028194,10000017029,0.01452625418
1411,京包线,jbx,605602,10000014226,0242,10000022567,10000017029,0.00183874593
1412,京包线,jbx,605611,10000014233,0242,110000017558,10000017039,0.01955760176
1413,京包线,jbx,605612,10000029003,0242,10000022143,210000023470,0.01559914894
1414,,,595664,10000007879,0242,10000027071,10000009453,0.01949653257
1416,,,595653,10000957738,0242,10046270328,10000954575,0.00007974005
1417,,,595653,10000957739,0242,10000954575,10046270327,0.00379255756
1418,,,595547,10000012574,0242,110000000290,10000015040,0.03765196403
1419,,,605605,10000015216,0242,10000009684,10000018222,0.00012979068
1420,京原线,jyx,595557,10000015245,0242,10000020075,10000018261,0.01618707705
1421,,,595672,10000021448,0242,10000011287,10000025624,0.00003601946
1422,,,605623,10000021453,0242,210000022668,10000025629,0.01735597819
1423,,,595537,10000020012,0242,10000015139,10000023913,0.00730285269
1424,,,605635,10000020018,0242,10000010964,10000023918,0.00115253347
1425,,,595547,10000023856,0242,10000027480,210000028475,0.00150074053
1426,京承线,jcx,605646,10000022062,0242,10000016616,10000026343,0.02069486378
1427,,,595651,10000022097,0242,10000012749,10000026383,0.00343084179
1428,京广线,jgx,595651,10000022098,0242,10000009601,10000026383,0.01823198601
1429,,,605547,10000026098,0242,10000014114,110000007872,0.04891096646
1430,京包线,jbx,605547,10000008138,0242,10000014114,10000009760,0.06131835494
1431,,,605645,10000008143,0242,10000003314,10000009766,0.00008547048
1432,,,595674,10000007689,0242,10000028784,10000009241,0.00241040728
1433,,,605547,10000007703,0242,10000007353,10000009255,0.00012153360
1434,,,605621,10000002396,0242,10000005045,110000002887,0.03340691517
1435,京承线,jcx,605646,10001090740,0242,10000028938,10001086577,0.01649028278
1436,京承线,jcx,605646,10001090741,0242,10001086577,10000016616,0.00311162908
1437,,,605646,10001090743,0242,10001086577,10001086578,0.00182585277
1438,,,605646,10001090745,0242,10001086578,10001086579,0.00019264819
1439,,,605646,10001090747,0242,10001086579,10001086580,0.00609498295
1441,大秦线,dqx,605635,10000017231,0242,210000017229,210000020581,0.12702594141
1442,,,595547,10000017240,0242,10000025278,10000020594,0.00938163417
1443,丰沙线,fsx,605507,10000017532,0242,10000020705,210000020940,0.08128332700
1444,,,605602,10000017535,0242,10000022567,10000020943,0.01676834721
1446,京承线,jcx,605615,10000012137,0242,210000028251,10000014502,0.08401403563
1447,,,595642,10000005157,0242,10000019011,10000006218,0.00023198987
1448,,,595641,10000022196,0242,10000011933,10000026508,0.02705462588
1449,,,595630,10000024429,0242,10000023635,10000029171,0.00780508593
1450,京原线,jyx,595537,10000025073,0242,210000009329,110000002683,0.02873132369
1451,京津高速铁路,jjgstl,595655,10000025918,0242,10000005632,210000006964,0.00269402760
1452,京九线,jjx,595612,10000016669,0242,210000003320,110000019939,0.08784527589
1453,,,595665,10000019407,0242,210000017376,10000023161,0.00541865196
1454,,,595630,10000009438,0242,10000028088,10000011315,0.00010284346
1455,京包线,jbx,605630,10000022991,0242,10000019402,110000027434,0.00678836629
1456,,,595662,10000017139,0242,10000016831,10000020479,0.00026010000
1457,,,595662,10000017140,0242,10000006866,10000020479,0.00751140956
1458,京广线,jgx,595620,10000024883,0242,210000011180,110000001820,0.08646011963
1459,京原线,jyx,595660,10000003193,0242,10000013890,110000003836,0.00420147476
1460,,,595653,10046272211,0242,10046270327,10046270326,0.00347511580
1461,,,595653,10046272217,0242,10046270330,10046270329,0.00226839216
1462,,,595653,10046272219,0242,10046270331,10046270328,0.00475810051
1463,,,595653,10046272220,0242,10046270329,10046270332,0.00094357628
1464,,,595653,10046272221,0242,10046270332,10046270331,0.00048268137
1465,,,595653,10046272223,0242,10046270333,10046270330,0.00578487357
1466,,,595653,10046272225,0242,10046270334,10046270333,0.00521295846
1467,,,595653,10046272228,0242,10046243337,10046270336,0.00220997245
1468,,,595653,10046272229,0242,10046270336,10046270335,0.00632656176
1469,,,595653,10046272230,0242,10046270335,10046270337,0.00142822206
1470,,,595653,10046272231,0242,10046270337,10046270334,0.00702651453
1471,京承线,jcx,595664,10000022771,0242,10000008150,110000027176,0.00578849130
1472,,,595661,10000007328,0242,10000007097,10000008801,0.00785869861
1473,,,595661,10000009302,0242,210000008284,210000011154,0.01000193345
1474,,,595661,10000017401,0242,10000003820,10000020780,0.00921567386
1475,京原线,jyx,595661,10000017414,0242,10000016892,10000020793,0.00141648645
1476,京秦线,jqx,595676,10000026548,0242,110000021706,210000010348,0.12628863500
1477,,,595672,10000014404,0242,10000022603,10000017248,0.00009999000
1478,京广线,jgx,595641,10000025131,0242,10000026337,110000003004,0.00147906391
1479,京包线,jbx,595674,10000011246,0242,10000020964,10000013421,0.00534931539
1480,京沪线,jhx,595661,10000004274,0242,10000002318,10000005148,0.05159847023
1481,京沪线,jhx,595662,10000000327,0242,10000014421,10000000377,0.01076669360
1482,,,605621,10000000330,0242,10000008719,10000000381,0.00460239324
1483,,,595661,10000022977,0242,110000002043,10000027421,0.01325312161
1484,,,605605,10030073439,0242,10000018222,10030071838,0.00314836063
1485,,,605605,10030073440,0242,10030071838,210000012208,0.01223019522
1486,京原线,jyx,595534,10000025471,0242,110000001088,110000004727,0.10036343038
1487,京沪线,jhx,595633,10000013687,0242,110000011218,110000016386,0.10880289215
1488,京承线,jcx,605646,10000024238,0242,110000014538,10000028938,0.00296779089
1489,,,595670,10000024252,0242,10000022788,10000028958,0.00249741702
1491,,,605645,10000016203,0242,10000004476,10000019385,0.00778207257
1492,双丰线,sfx,595652,10000007457,0242,10000019216,10000008956,0.00049650151
1493,,,595652,10000007458,0242,10000000351,10000008956,0.00010772095
1494,,,605645,10000007505,0242,10000007576,10000009015,0.01007375883
1495,大秦线,dqx,605557,10000007506,0242,10000009132,10000009016,0.00746420206
1496,,,595661,10000007510,0242,10000027453,10000009021,0.00415799470
1497,,,595674,10000007486,0242,10000013579,10000008993,0.00293133832
1498,西北环线,xbhx,605600,10000012948,0242,10000021864,10000015472,0.01311877990
1499,,,595641,10000008614,0242,10000015397,10000010331,0.00284141480
1500,,,595655,10040117457,0242,10040115851,10000014808,0.00995711410
1501,,,605634,10000000411,0242,10000028598,10000000490,0.00452593540
1502,,,595640,10000000429,0242,10000018034,10000000512,0.01805100437
1503,京津高速铁路,jjgstl,595646,10000017907,0242,210000000271,210000021381,0.03804662640
1504,,,605644,10000016606,0242,210000028502,10000019864,0.00589455138
1505,,,595664,10000001558,0242,10000027991,10000001858,0.00200169673
1506,,,595664,10000001559,0242,10000016143,10000001858,0.01102374841
1507,,,595642,10000001723,0242,10000018024,10000002059,0.00050281871
1508,,,605645,10000000523,0242,10000019385,10000000627,0.00641427904
1509,丰沙线,fsx,595670,10000016286,0242,10000001897,10000019484,0.00549678800
1510,大秦线,dqx,605617,10000018256,0242,10000012828,110000021787,0.05216136528
1511,京沪线,jhx,595662,10000000871,0242,10000022089,10000001033,0.00040372010
1512,,,595674,10000027169,0242,10000008993,110000013730,0.00663555368
1513,,,595662,10000007825,0242,10000014421,10000009395,0.00279944313
1514,京包线,jbx,605621,10000012271,0242,210000023911,10000014667,0.05749664471
1515,,,595672,10000012282,0242,10000011132,10000014683,0.00317250984
1516,大秦线,dqx,605700,10000015288,0242,110000006829,10000018309,0.10719204679
1517,,,595665,10040118464,0242,10000029129,10040116855,0.00007201423
1518,,,595665,10040118465,0242,10040116855,10000026406,0.02406755667
1519,,,595577,10000000179,0242,10000003214,110000000201,0.03326723188
1520,京通线,jtx,615700,10000008656,0242,210000005570,10000010381,0.00181995346
1521,,,595661,10000021959,0242,10000020758,10000026231,0.01468354133
1522,京广线,jgx,595661,10000021960,0242,10000017888,10000026231,0.00806662165
1523,,,595662,10000014051,0242,10000020231,10000016831,0.00439212691
1524,,,595662,10000014052,0242,10000007011,10000016831,0.01021043307
1525,,,595672,10000014064,0242,10000009552,10000016844,0.00122312416
1526,,,595642,10000015052,0242,10000006218,10000018024,0.00544062820
1527,丰沙线,fsx,595661,10000014100,0242,10000026158,10000016887,0.03153380096
1528,京原线,jyx,595661,10000014104,0242,10000002450,10000016892,0.00062914267
1529,,,605621,10000004184,0242,10000017012,10000005045,0.04815106619
1530,京包线,jbx,605604,10000017480,0242,210000013892,210000020877,0.01056023802
1531,,,595640,10000017481,0242,10000008707,10000020878,0.00308964353
1532,京包线,jbx,605612,10000018540,0242,10000017333,10000022143,0.01544002249
1533,,,595665,10000016911,0242,10000018528,10000020221,0.00005828221
1534,,,595653,10046272209,0242,10046270326,10046243336,0.00579309530
1535,京通线,jtx,605667,10000021633,0242,210000002017,110000025842,0.12032224547
1536,京沪线,jhx,595662,10000021640,0242,10000012293,10000025850,0.03463649427
1537,,,595661,10000020154,0242,10000022183,10000024077,0.03028158363
1538,,,595671,10000020161,0242,210000014163,10000024091,0.01629140304
1539,,,595671,10000007120,0242,10000023099,10000008563,0.01776763001
1540,,,595665,10000023909,0242,10000026406,10000028537,0.00018686473
1541,,,595671,10000024928,0242,10000002638,210000002043,0.03253778357
1542,丰沙线,fsx,605506,10000024626,0242,10000026965,110000000472,0.00679359739
1544,京包线,jbx,605631,10000026841,0242,10000006148,210000011924,0.00335548475
1545,京秦线,jqx,595665,10000012601,0242,110000000563,10000015075,0.02651640666
1546,京通线,jtx,615700,10000027138,0242,10000010381,110000013603,0.02268056335
1547,,,605700,10000009694,0242,10000002309,10000011618,0.00158471569
1548,双丰线,sfx,595652,10000990736,0242,110000023252,10000987574,0.02433894750
1549,双丰线,sfx,595652,10000990737,0242,10000987574,10000008892,0.00065689208
1550,,,605700,10000001922,0242,210000024313,10000002309,0.00175327834
1551,京沪线,jhx,595661,10000001928,0242,210000006745,10000002318,0.00132827925
1552,京承线,jcx,605635,10000006433,0242,10000025503,10000007752,0.05083872895
1554,京通线,jtx,605645,10000003548,0242,10000012847,10000004261,0.03532223664
1555,,,595664,10000013490,0242,10000014399,10000016143,0.00399978033
1556,,,595670,10000000930,0242,10000029276,10000001103,0.00809257946
1557,西北环线,xbhx,595670,10000000931,0242,10000015936,10000001103,0.01484219387
1558,京包线,jbx,605602,10000003280,0242,10000017029,10000003937,0.01380205602
1559,京沪线,jhx,595634,10000001844,0242,210000016386,210000002206,0.07911306508
1560,丰沙线,fsx,595661,10000002246,0242,10000027453,10000002710,0.00905870613
1561,,,595661,10000002247,0242,10000009021,10000002710,0.00508115292
1562,丰沙线,fsx,595670,10000001590,0242,10000024366,10000001897,0.06363985991
1563,京包线,jbx,595674,10000001628,0242,10000015686,10000001943,0.00910415893
1564,双丰线,sfx,595664,10000000754,0242,10000023808,210000000895,0.00739786874
1565,,,605605,10000012098,0242,10000009978,10000014460,0.00014843366
1566,,,605621,10000000778,0242,10000005290,10000000925,0.00780293391
1567,,,595537,10000000383,0242,10000019557,10000000452,0.00243939158
1568,,,605547,10040118468,0242,10000003465,10040116857,0.02356679587
1570,,,595665,10040118462,0242,10000021992,10040116854,0.00604311626
1571,,,595665,10040118463,0242,10040116854,10000028038,0.00013419121
1572,,,595663,10000000945,0242,10000028429,110000001120,0.05670743280
1573,,,595662,10000000684,0242,10000006332,10000000818,0.00960371912
1574,京包线,jbx,605621,10000000554,0242,10000010174,10000000660,0.00724751873
1575,京沪线,jhx,595661,10000018694,0242,10000025268,10000022337,0.00011043687
1576,京包线,jbx,605547,10000012439,0242,210000004495,10000014880,0.03037483103
1578,,,595672,10000001106,0242,10000003086,210000001309,0.00393388976
1579,,,595665,10000011588,0242,10000022880,10000013834,0.00016122929
1580,京沪线,jhx,595651,10000001530,0242,10000028096,10000001827,0.00173346222
1581,,,595661,10000001190,0242,10000015990,10000001416,0.02160564155
1582,,,595651,10000001809,0242,110000011154,10000002163,0.02551455847
1583,西北环线,xbhx,605610,10000001810,0242,10000021263,10000002164,0.02540375199
1584,丰沙线,fsx,595577,10000004645,0242,10000003214,110000005588,0.01342205447
1585,,,595661,10000005258,0242,10000024497,10000006341,0.00359853416
1586,,,595661,10000005259,0242,10000014862,10000006341,0.00517190284
1587,,,595672,10000002561,0242,10000019163,10000003086,0.00837853646
1588,,,595652,10000000305,0242,10000003048,10000000351,0.00596887950
1589,,,595547,10000018052,0242,10000015040,10000021555,0.00177005098
1590,京包线,jbx,605630,10000016216,0242,10000013882,10000019402,0.03203328830
1591,,,595661,10000013361,0242,10000028274,10000015990,0.01104731047
1592,,,595661,10000013362,0242,10000009021,10000015990,0.00280876253
1593,,,595655,10040117456,0242,110000021355,10040115851,0.00436859658
1594,京包线,jbx,605603,10000027188,0242,10000016944,110000013892,0.03173313981
1595,,,595665,10000001398,0242,10000015075,10000001672,0.00087654167
1596,,,605633,10000001751,0242,210000027444,110000002092,0.02311961478
1597,京通线,jtx,605666,10000001685,0242,210000009193,110000002017,0.10396717795
1599,,,595652,10000013538,0242,10000014034,10000016207,0.01604495776
1600,京通线,jtx,605770,10000004630,0242,210000028778,110000005570,0.15352898518
1601,,,595662,10000005247,0242,10000020479,10000006332,0.00155368152
1602,,,595662,10000005248,0242,10000016831,10000006332,0.00159940939
1603,,,595630,10000010495,0242,210000023415,10000012536,0.02470495909
1604,京包线,jbx,605640,10000007761,0242,210000006533,10000009320,0.00825171602
1605,京承线,jcx,605634,10000003397,0242,110000018036,10000004074,0.00490664487
1606,,,595671,10000011804,0242,110000001309,10000014093,0.00258040698
1607,,,595664,10000002065,0242,10000006473,10000002487,0.01627674306
1608,,,595664,10000002066,0242,10000006473,10000002487,0.01625120472
1609,双丰线,sfx,595662,10000002552,0242,10000025992,10000003070,0.00118383117
1610,双丰线,sfx,595652,10000011607,0242,10000010702,10000013856,0.00112992730
1611,,,595670,10000016144,0242,10000003966,10000019310,0.00491425393
1612,,,595537,10000015692,0242,110000028475,10000018781,0.01489519006
1613,,,595672,10000018491,0242,10000013809,10000022087,0.01404276975
1614,京沪线,jhx,595662,10000018493,0242,10000007011,10000022089,0.00665722968
1615,京沪高速铁路,jhgstl,595633,10000015901,0242,110000007605,110000019029,0.10986982307
1616,京承线,jcx,605605,10000015906,0242,10000016705,10000019035,0.00851308768
1618,丰沙线,fsx,605516,10000011077,0242,10000008777,210000013220,0.00905922444
1619,大秦线,dqx,605634,10000023957,0242,10000001166,10000028598,0.10632359742
1620,丰沙线,fsx,605515,10000024955,0242,10000004925,110000002173,0.07091679140
1621,京秦线,jqx,595675,10000024647,0242,110000010348,210000000563,0.04009498755
1622,京包线,jbx,605547,10000011821,0242,10000014880,10000014114,0.00780151632
1624,京承线,jcx,605647,10000027311,0242,10000012192,210000014538,0.01152785214
1625,京包线,jbx,605612,10000014462,0242,10000023162,10000017333,0.02671269158
1626,,,595661,10000005892,0242,10000009879,10000007097,0.00011046950
1627,京原线,jyx,595650,10000011096,0242,10000027283,10000013246,0.06786296533
1628,,,595650,10000011097,0242,210000010427,10000013246,0.01207389895
1629,大秦线,dqx,605625,10000029661,0242,110000020581,110000026989,0.00324228139
1630,京承线,jcx,605635,10000011118,0242,210000026865,10000013275,0.02341238963
1631,西北环线,xbhx,605600,10000005618,0242,10000013666,110000006771,0.01391692782
1632,京津高速铁路,jjgstl,595654,10000006309,0242,110000006964,110000007611,0.08052322099
1633,京津高速铁路,jjgstl,595655,10000007185,0242,210000011440,10000008638,0.07138285306
1634,,,605605,10000008082,0242,10000014460,10000009684,0.03895953603
1635,,,595674,10000008126,0242,10000028784,10000009744,0.00392632026
1636,京承线,jcx,605647,10000010193,0242,10000013471,10000012192,0.05075866894
1637,,,595672,10000009286,0242,10000024807,10000011132,0.00401241218
1638,,,595672,10000020209,0242,10000014683,10000024156,0.00299924999
1639,京广线,jgx,595630,10000014523,0242,10000025531,10000017411,0.01165427526
1640,,,595630,10000014524,0242,10000018924,10000017411,0.00531846125
1641,,,605605,10000014525,0242,10000017715,10000017412,0.00199831799
1642,京沪线,jhx,595652,10000016068,0242,10000020849,10000019216,0.00511082907
1643,,,595664,10000013119,0242,10000014922,10000015684,0.00011034045
1644,京包线,jbx,595674,10000013121,0242,110000020877,10000015686,0.01172326365
1645,,,595651,10000010683,0242,10000020540,10000012749,0.00275641249
1646,,,595557,10000010684,0242,110000017255,10000012750,0.04062400162
1647,京沪线,jhx,595661,10000010776,0242,10000029097,10000012859,0.00006012002
1648,京承线,jcx,605605,10000018105,0242,10000023687,10000021608,0.01166617744
1649,京沪线,jhx,595652,10000017458,0242,10000012739,10000020849,0.00045025191
1650,,,595652,10000017459,0242,10000004865,10000020849,0.01145756358
1651,京承线,jcx,605605,10000019834,0242,10000017715,10000023687,0.00215176608
1652,,,595671,10000019836,0242,10000027092,10000023689,0.00062028211
1653,京九线,jjx,595632,10000007128,0242,210000006494,10000008574,0.03144036789
1654,,,605621,10000008624,0242,10000017833,10000010344,0.00288976895
1655,,,605635,10000010388,0242,10000023918,10000012418,0.00944639003
1656,,,595672,10000014794,0242,10000010084,10000017734,0.01129375305
1658,西北环线,xbhx,605611,10000023469,0242,10000027740,10000028014,0.01583571019
1659,京原线,jyx,595661,10000023582,0242,10000011808,10000028143,0.04917409411
1660,京通线,jtx,605645,10000010767,0242,210000015038,10000012847,0.03337837101
1661,,,605645,10000010768,0242,10000007576,10000012847,0.01302804209
1662,西北环线,xbhx,605600,10000011448,0242,10000015472,10000013666,0.00462913965
1663,京包线,jbx,595672,10000010402,0242,10000019429,10000012435,0.01323580847
1664,,,595674,10000010407,0242,10000022477,10000012442,0.00314084907
1665,,,595674,10000010408,0242,10000013421,10000012442,0.00067239557
1666,京承线,jcx,605646,10000016036,0242,10000021043,10000019177,0.02956208466
1668,,,595642,10000015596,0242,10000020314,10000018672,0.01330822618
1669,京承线,jcx,605646,10000017625,0242,10000026343,10000021043,0.01544271085
1670,京承线,jcx,605635,10000028005,0242,210000004781,210000018036,0.02240200626
1671,京津高速铁路,jjgstl,595654,10000027645,0242,110000021907,110000016221,0.02681561225
1672,,,595661,10000026192,0242,10000006341,110000008421,0.01286866322
1673,京沪高速铁路,jhgstl,595634,10000026236,0242,210000019029,210000008651,0.07854912469
1674,京通线,jtx,605655,10000007953,0242,10000025667,10000009538,0.01353208832
1675,,,595672,10000007964,0242,10000024156,10000009552,0.00314974596
1676,京津高速铁路,jjgstl,595664,10000028710,0242,210000007611,210000021907,0.01760205720
1677,京沪高速铁路,jhgstl,595652,10000026611,0242,110000000695,210000010665,0.08825758423
1678,京承线,jcx,605646,10000028667,0242,10000024076,210000021692,0.05871641390
1679,京承线,jcx,605751,10000028754,0242,210000017467,210000022084,0.09884490524
1680,京沪线,jhx,595652,10000002814,0242,210000012066,10000003390,0.00139641059
1681,,,595537,10000002816,0242,10000018781,10000003394,0.01214674022
1682,京沪线,jhx,595662,10000012064,0242,210000012201,10000014421,0.00500627646
1683,京包线,jbx,595672,10000013837,0242,10000021688,10000016573,0.00008540734
1684,,,605607,10000015010,0242,10000016647,10000017976,0.00425018016
1685,,,605547,10000013245,0242,10000014880,10000015844,0.00861697323
1686,,,595664,10000013251,0242,10000009453,10000015853,0.00011034045
1687,,,595670,10000007415,0242,10000019310,10000008905,0.00232883381
1688,,,595671,10000019359,0242,10000019626,10000023099,0.00959684407
1689,,,595664,10000019304,0242,10000019855,10000023037,0.00598332564
1690,,,595664,10000019305,0242,10000016975,10000023037,0.01269214749
1691,京承线,jcx,595665,10000018250,0242,210000027176,10000021780,0.01232204816
1692,大秦线,dqx,605650,10000029991,0242,210000025305,210000028694,0.14039813980
1693,大秦线,dqx,605567,10000024557,0242,210000010758,210000000178,0.06582570947
1694,京包线,jbx,605621,10000026619,0242,110000011924,210000010714,0.02043221988
1695,,,595664,10000014494,0242,10000004796,110000017376,0.00576945171
1696,,,595665,10000004318,0242,10000013881,10000005194,0.00228921307
1697,,,605621,10000003625,0242,10000000381,10000004363,0.00009851347
1698,,,595547,10000006202,0242,10000020594,10000007478,0.02684180997
1700,,,595674,10000007368,0242,10000016680,10000008853,0.00517824522
1701,,,595652,10000007370,0242,10000020382,10000008855,0.00844629915
1702,京沪线,jhx,595652,10000008951,0242,10000019216,10000010740,0.00012048241
1703,京包线,jbx,605602,10000024007,0242,10000003937,10000028655,0.02270206303
1704,京沪高速铁路,jhgstl,595662,10000024667,0242,110000015174,210000000695,0.05354142071
1705,双丰线,sfx,595653,10000010591,0242,10000007823,10000012643,0.00949825467
1706,京承线,jcx,605625,10001368783,0242,10000019217,10001365617,0.01231266553
1707,京承线,jcx,605625,10001368784,0242,10001365617,10000012932,0.00798376496
1708,,,595640,10000021706,0242,10000028103,210000025935,0.00705813544
1709,,,595642,10000015886,0242,10000018672,10000019011,0.00731281833
1710,,,595651,10000003583,0242,210000029017,10000004308,0.00407632149
1711,,,605623,10000010170,0242,10000025629,10000012163,0.06473145844
1712,京通线,jtx,605635,10000020111,0242,10000023632,10000024024,0.00147874136
1713,京通线,jtx,605645,10000020287,0242,10000004261,110000024243,0.03618958576
1714,双丰线,sfx,595652,10000020292,0242,10000011341,10000024249,0.01257781463
1715,双丰线,sfx,595652,10000020293,0242,10000004505,10000024249,0.01428261680
1716,京包线,jbx,605602,10000020982,0242,10000020943,110000025078,0.06591592601
1717,京承线,jcx,605634,10000017276,0242,10000026877,10000020637,0.00263792161
1718,京承线,jcx,605625,10000021506,0242,210000022320,10000025694,0.02443253758
1719,西北环线,xbhx,605611,10000023255,0242,10000005052,10000027740,0.03265670909
1720,,,595630,10000023537,0242,10000012536,10000028088,0.00008599509
1721,京广线,jgx,595651,10000023542,0242,10000015345,10000028096,0.00946849180
1722,,,595640,10000023548,0242,10000008982,10000028103,0.00441017617
1723,京沪线,jhx,595661,10000024371,0242,10000022337,10000029097,0.00012006001
1724,京广线,jgx,595640,10046245252,0242,10046243358,110000024963,0.02866971151
1725,,,595640,10046245254,0242,10046243358,10046243359,0.00047837961
1726,,,595640,10046245255,0242,10046243359,10046243357,0.00093205731
1727,,,595661,10000008239,0242,10000027421,10000009879,0.00299615442
1728,京包线,jbx,605547,10000007856,0242,10000009760,10000009427,0.02802511311
1729,,,595652,10000011749,0242,210000028841,10000014034,0.01043018448
1730,,,595671,10000011764,0242,10000023671,10000014051,0.00015030011
1731,双丰线,sfx,595652,10000011766,0242,10000017664,10000014053,0.03665777402
1732,,,595652,10000011767,0242,10000002821,10000014053,0.01316791297
1735,双丰线,sfx,595652,10000008922,0242,10000024249,10000010702,0.01106180477
1736,,,595652,10000008923,0242,10000012739,10000010702,0.00794783816
1738,,,595670,10000023874,0242,10000028958,10000028496,0.00392680663
1739,丰沙线,fsx,595670,10000023875,0242,10000016615,10000028496,0.00884932487
1740,,,595547,10000021269,0242,10000021555,10000025417,0.01050418407
1741,,,595672,10000019051,0242,10000025624,10000022753,0.00383673178
1742,大秦线,dqx,605557,10000026628,0242,210000002814,110000010758,0.03003379554
1743,双丰线,sfx,595664,10000022332,0242,10000023037,10000026665,0.02952884041
1744,,,595537,10000012652,0242,10000000452,10000015139,0.02056555525
1745,丰沙线,fsx,595670,10000012081,0242,10000028496,110000014441,0.02040366255
1746,,,605640,10000017577,0242,10000027115,10000020990,0.00682163615
1747,,,605604,10000016658,0242,210000013730,10000019926,0.00301916711
1748,京九线,jjx,595642,10000007905,0242,210000021274,10000009484,0.03180663746
1749,双丰线,sfx,595662,10000007910,0242,10000023179,210000009491,0.00177578904
1750,,,595674,10000007916,0242,10000009241,10000009498,0.00465255644
1751,京包线,jbx,605546,10000003736,0242,10000011335,110000004495,0.11173852741
1752,,,595671,10000002180,0242,10000015953,10000002638,0.01573773079
1753,,,595671,10000002181,0242,10000008563,10000002638,0.01324129586
1754,京包线,jbx,605620,10000029092,0242,110000010714,110000023911,0.01340666893
1755,,,605635,10000009052,0242,10000012418,110000010856,0.00069975447
1756,京沪线,jhx,595642,10000007111,0242,10000009484,10000008554,0.04586404755
1757,,,605547,10000012358,0242,10000009255,10000014781,0.00574886119
1758,,,595662,10000026137,0242,10000020479,210000008096,0.02301331431
1759,京通线,jtx,605635,10000027410,0242,10000024024,110000015038,0.01025266579
1761,,,595671,10000013337,0242,10000023689,10000015953,0.00383335230
1762,京包线,jbx,605621,10000008480,0242,10000017012,10000010174,0.00926542014
1763,,,605621,10000008481,0242,10000010344,10000010174,0.00258542662
1764,京原线,jyx,595534,10000029441,0242,210000019643,110000025761,0.01348191871
1765,京沪线,jhx,595662,10000003849,0242,10000006866,10000004628,0.00333102339
1766,,,595652,10000002533,0242,10000016207,10000003048,0.00286698272
1767,,,595652,10000002534,0242,10000000351,10000003048,0.00840884534
1768,,,595664,10000003066,0242,10046243335,10000003676,0.00297814924
1769,大秦线,dqx,605557,10000029357,0242,10000009016,110000025305,0.00796233945
1770,京广线,jgx,595651,10000012838,0242,10000009601,10000015345,0.00970662529
1771,京广线,jgx,595651,10000012839,0242,210000003004,10000015345,0.04589373915
1772,,,605645,10000002754,0242,210000010856,10000003314,0.01463825905
1773,,,595664,10000005077,0242,10000008150,10000006108,0.00386647606
1774,,,595663,10000005785,0242,10000006161,10000006970,0.00179655142
1775,,,605645,10000006281,0242,10000002567,10000007576,0.01205418613
1776,,,605645,10000006282,0242,10000000627,10000007576,0.00070060437
1777,京沪线,jhx,595662,10000006291,0242,10000025850,10000007589,0.00088833430
1778,京沪线,jhx,595662,10000006292,0242,10000000377,10000007589,0.00057603675
1779,双丰线,sfx,595653,10046245215,0242,10000012643,10046243337,0.02186318010
1780,双丰线,sfx,595653,10046245216,0242,10046243337,10000011964,0.00695112243
1781,京石客运专线,jskyzx,595651,10046245223,0242,110046243340,210046243342,0.08653390541
1782,京石客运专线,jskyzx,595641,10046245224,0242,110046243342,210046243341,0.09035416261
1783,京石客运专线,jskyzx,595631,10046245222,0242,110046243341,10046243339,0.05387352570
1784,京石客运专线,jskyzx,595662,10046245226,0242,10046243343,210046243345,0.07150404942
1785,京沪高速铁路,jhgstl,595663,10046245229,0242,10000026952,10046243347,0.00240924764
1786,京津高速铁路,jjgstl,595663,10046245230,0242,10046243347,10046243346,0.04216629354
1787,京包线,jbx,605640,10000021470,0242,10000027115,10000025649,0.00512006968
1788,,,605640,10000021471,0242,10000020990,10000025649,0.00424535676
1789,,,595651,10000019743,0242,10000015065,10000023579,0.00468241354
1790,,,595642,10000019515,0242,10000011424,10000023292,0.00188704318
1791,双丰线,sfx,595653,10000022494,0242,10000012220,10000026851,0.00354764799
1792,京承线,jcx,605634,10000022505,0242,10000020637,110000026865,0.01751674852
1793,,,605634,10000022512,0242,10000008767,10000026877,0.00118072396
1794,京承线,jcx,605634,10000022513,0242,10000004074,10000026877,0.00210446011
1795,,,605607,10000013389,0242,10000007730,10000016021,0.00957398309
1797,,,595665,10000028614,0242,10000005194,210000021355,0.00129642038
1799,京通线,jtx,605655,10000025083,0242,10000028134,110000002740,0.01799560992
1800,大秦线,dqx,605556,10000025094,0242,10000021476,110000002814,0.14012428946
1801,丰沙线,fsx,605515,10000025099,0242,10000004925,110000002836,0.05241939928
1802,京沪线,jhx,595642,10000026859,0242,10000008554,110000012066,0.03048292723
1803,京通线,jtx,605656,10000026335,0242,210000002740,110000009193,0.07130219574
1804,京沪高速铁路,jhgstl,595643,10000026044,0242,210000003928,210000007605,0.03524516909
1805,,,595670,10000027243,0242,10000028496,110000014163,0.02058998507
1806,大秦线,dqx,605633,10000027747,0242,210000003244,110000016740,0.13484735989
1808,京承线,jcx,605605,10000014776,0242,10000021682,10000017715,0.01948990585
1809,京沪线,jhx,595652,10000014318,0242,10000016869,10000017150,0.00035023995
1810,,,595652,10000014319,0242,10000002821,10000017150,0.00034195965
1811,,,605612,10000028277,0242,10000022143,210000019450,0.01481856749
1812,,,595663,10000005700,0242,10000023407,210000006860,0.04732754990
1813,京沪线,jhx,595662,10000005703,0242,10000001033,10000006866,0.00719088645
1814,,,595674,10000011372,0242,10000011637,10000013579,0.00266104822
1816,,,595670,10000002335,0242,10000029276,10000002815,0.00099605930
1817,丰沙线,fsx,595670,10000002336,0242,10000019484,10000002815,0.00514246407
1818,丰沙线,fsx,605506,10000011047,0242,10000022473,10000013185,0.01879206825
1819,,,605506,10000011048,0242,10000013099,10000013185,0.00115833158
1820,,,595663,10000007618,0242,10000019116,10000009156,0.01451837625
1821,,,605621,10000007255,0242,10000017833,10000008719,0.00202316477
1822,,,605645,10000002125,0242,210000028596,10000002567,0.00576462416
1823,,,595640,10046245238,0242,10000026729,10046243351,0.00430335701
1824,,,595640,10046245239,0242,10046243351,10000026474,0.00862801435
1825,,,595640,10046245243,0242,10046243351,10046243353,0.00544657694
1826,丰沙线,fsx,605507,10000017333,0242,210000002689,10000020705,0.01601323993
1827,京原线,jyx,595536,10000017340,0242,210000026895,10000020713,0.11082443221
1828,,,595662,10000016920,0242,10000022089,10000020231,0.00031626730
1829,,,595651,10000021790,0242,10000025587,10000026033,0.00157422986
1830,,,595665,10000018423,0242,10000020221,10000021992,0.00008939380
1831,京沪线,jhx,595661,10000021892,0242,10000025807,10000026158,0.02817040225
1832,丰沙线,fsx,595661,10000021893,0242,10000009479,10000026158,0.00360818894
1833,京广线,jgx,595651,10000018581,0242,10000026383,110000022198,0.02230230781
1834,京原线,jyx,595650,10000022855,0242,110000003301,10000027283,0.01290044406
1835,京包线,jbx,605640,10000022861,0242,10000025649,210000027290,0.02587361033
1836,,,595661,10000023008,0242,10000026187,10000027453,0.00979572308
1837,丰沙线,fsx,595661,10000023009,0242,10000013302,10000027453,0.01153705257
1838,,,595661,10000021918,0242,10000024077,10000026187,0.01405348283
1839,,,595661,10000021919,0242,10000003820,10000026187,0.00262005482
1840,,,595674,10000021925,0242,10000027552,10000026194,0.00912967863
1841,,,595661,10000023683,0242,10000027453,10000028274,0.00436239171
1842,,,595665,10000015477,0242,10000001672,10000018528,0.00766202646
1843,,,595664,10000016598,0242,10000003676,10000019855,0.00355720754
1844,,,595671,10000022294,0242,10000003032,10000026625,0.00015279144
1845,大秦线,dqx,605632,10000025177,0242,110000027983,110000003244,0.07531084154
1846,京原线,jyx,595660,10000025187,0242,10000013890,210000003301,0.06036270900
1847,,,595641,10000012883,0242,210000006010,10000015397,0.00824309272
1848,丰沙线,fsx,605506,10000018807,0242,10000026965,10000022473,0.05002852433
1849,,,595674,10000018810,0242,10000017092,10000022477,0.00586786817
1850,,,605634,10000007296,0242,10000000490,10000008767,0.00041581861
1851,丰沙线,fsx,605516,10000007304,0242,210000002173,10000008777,0.00638432034
1852,京包线,jbx,605640,10000022714,0242,10000024364,10000027115,0.01237519194
1853,丰沙线,fsx,595661,10000017400,0242,10000014862,10000020780,0.00108448890
1854,京承线,jcx,605646,10000020153,0242,10000019177,10000024076,0.00317566038
1856,,,595641,10000024306,0242,10000021924,110000029017,0.00251365872
1857,,,605623,10000029736,0242,10000012163,110000027444,0.02735508927
1858,京原线,jyx,595544,10000024738,0242,210000025761,210000001088,0.02197199896
1859,京广线,jgx,595630,10000024743,0242,10000017411,110000001107,0.09725241812
1860,,,595664,10000024745,0242,10000008976,210000001120,0.00262135432
1861,,,605506,10000011046,0242,110000003234,10000013185,0.09923752845
1862,,,595640,10046245250,0242,10046243356,10046243350,0.00546711769
1863,京广线,jgx,595640,10046245251,0242,210000001107,10046243358,0.00993994992
1864,双丰线,sfx,595653,10000010219,0242,110000027601,10000012220,0.01905781541
1865,丰沙线,fsx,595661,10000020515,0242,10000002710,10000024497,0.00644514193
1866,大秦线,dqx,605634,10000014383,0242,10000020637,110000017229,0.00493920960
1867,,,605607,10000013899,0242,10000019669,10000016647,0.00550670860
1868,京包线,jbx,595672,10000014718,0242,10000010026,10000017650,0.00651664816
1869,,,605557,10000014728,0242,210000007872,10000017662,0.04576690543
1870,双丰线,sfx,595652,10000014730,0242,10000020382,10000017664,0.00236121865
1871,京包线,jbx,605602,10000023623,0242,10000020943,10000028194,0.00169708711
1872,京包线,jbx,605602,10000023624,0242,10000003937,10000028194,0.01185805458
1873,,,595640,10000015061,0242,10000020878,10000018034,0.01283426965
1875,,,595661,10000003181,0242,10000024497,10000003820,0.00384616898
1876,京包线,jbx,605612,10000003705,0242,10000023162,10000004459,0.00880124600
1877,京包线,jbx,605612,10000003706,0242,10000007211,10000004459,0.00743247755
1878,,,605645,10000003717,0242,10000009766,10000004476,0.00214720588
1879,,,595652,10000011834,0242,10000014034,10000014127,0.02396624096
1880,京沪线,jhx,595652,10000004901,0242,10000013864,10000005901,0.05304357471
1881,,,595652,10000004902,0242,10000008855,10000005901,0.05106405795
1882,京沪线,jhx,595652,10000004903,0242,10000003390,10000005901,0.00039443168
1883,,,605547,10000008432,0242,10000015844,10000010109,0.00013995000
1884,,,595670,10000019086,0242,10000012243,10000022788,0.00970679658
1885,,,605600,10000012130,0242,210000003970,210000014496,0.01458040570
1886,京承线,jcx,605605,10000018170,0242,210000026612,10000021682,0.00119744202
1887,西北环线,xbhx,605610,10000017808,0242,210000006771,10000021263,0.01672630981
1888,,,595651,10000017696,0242,10000024685,10000021124,0.00279408791
1889,,,605622,10000012635,0242,10000029054,10000015122,0.01263802436
1890,丰沙线,fsx,605515,10000004083,0242,110000008863,10000004925,0.05743383014
1891,,,605607,10000006411,0242,10000028067,10000007730,0.01600681500
1892,京包线,jbx,595674,10000006176,0242,10000025729,10000007450,0.00753996536
1893,,,595672,10000018920,0242,10000014010,10000022603,0.00162173168
1894,双丰线,sfx,595652,10000003747,0242,110000009491,10000004505,0.00402361715
1895,京包线,jbx,605547,10000005412,0242,10000009427,110000006533,0.00096646293
1896,,,595672,10000005414,0242,10000010084,10000006535,0.00113735774
1897,京沪线,jhx,595651,10000008262,0242,10000025587,10000009905,0.00013918448
1898,西北环线,xbhx,605600,10000018319,0242,210000020408,10000021864,0.06992218834
1899,,,595661,10000017379,0242,10000016887,10000020758,0.00187383726
1900,,,595577,10000015528,0242,10000027899,10000018594,0.00515468725
1902,丰沙线,fsx,595577,10000002668,0242,10000016925,10000003214,0.00587468911
1903,,,595665,10000020102,0242,10000005040,10000024015,0.00648459041
1904,双丰线,sfx,595652,10000016069,0242,10000004865,10000019216,0.00709907051
1905,京承线,jcx,605625,10000016070,0242,10000025694,10000019217,0.03278083807
1906,,,595674,10000023446,0242,10000009498,10000027982,0.00535975615
1907,京包线,jbx,595674,10000023447,0242,10000007450,10000027982,0.00162998191
1908,京包线,jbx,595674,10000023448,0242,10000001943,10000027982,0.00517174923
1909,,,595663,10000019606,0242,10000009156,10000023407,0.02059273903
1910,京津高速铁路,jjgstl,595663,10000019607,0242,110000003406,10046243346,0.08934165638
1911,,,595537,10000019611,0242,10000023913,110000023415,0.01475495275
1912,,,595670,10000024520,0242,10000027255,10000029276,0.02056457530
1913,,,595670,10000024521,0242,10000019484,10000029276,0.00469078904
1914,,,595672,10000011563,0242,210000008964,10000013809,0.01028354869
1915,京包线,jbx,595672,10000018175,0242,10000011861,10000021688,0.00007215128
1916,京原线,jyx,595535,10000022529,0242,210000004727,110000026895,0.13161606533
1917,,,595577,10000023377,0242,10000018191,10000027899,0.07179267322
1918,,,595672,10000020766,0242,10000002971,10000024807,0.00012162237
1919,,,595630,10000021371,0242,10000016674,10000025531,0.00907269872
1920,京广线,jgx,595630,10000021372,0242,210000001820,10000025531,0.00082479011
1921,京包线,jbx,595674,10000021536,0242,10000007216,10000025729,0.00240435402
1922,,,595664,10000024453,0242,110000012590,10000029198,0.01346626481
1923,,,595664,10000024454,0242,10000004796,10000029198,0.00787211637
1924,,,595674,10000007924,0242,10000009744,10000009506,0.00729048329
1925,京原线,jyx,595557,10000007972,0242,10000020075,10000009561,0.01805773723
1926,京原线,jyx,595557,10000007973,0242,10000018261,10000009561,0.00375506766
1927,京原线,jyx,595557,10000007974,0242,10000013904,10000009561,0.01108787194
1928,,,595651,10000006343,0242,10000002163,10000007649,0.01683178662
1929,,,595652,10000008952,0242,10000000351,10000010740,0.00053227068
1930,,,595663,10000020816,0242,10000006970,10000024864,0.01120754868
1931,,,605621,10000009112,0242,10000004363,10000010930,0.00147330858
1932,京承线,jcx,605635,10000009146,0242,10000013275,10000010964,0.01626202496
1933,京原线,jyx,595661,10000009854,0242,210000003836,10000011808,0.00941515178
1934,,,595674,10001443783,0242,10000008993,10001440617,0.00339876213
1935,,,595674,10001443784,0242,10001440617,10000003490,0.00045895815
1936,,,595665,10000017656,0242,10000024015,10000021079,0.00381815188
1937,京包线,jbx,595674,10000017551,0242,10000012109,10000020964,0.03750042106
1938,,,595640,10000018990,0242,110000010123,10000022682,0.00771282106
1939,,,595651,10000020664,0242,10000007649,10000024685,0.00089028975
1940,大秦线,dqx,605634,10000023956,0242,10000020637,10000028598,0.00431848252
1941,,,595665,10000024395,0242,10000028038,10000029129,0.00009444581
1942,京通线,jtx,605677,10000024111,0242,210000025842,110000028778,0.00925018183
1943,,,605607,10000022445,0242,10000017976,10000026797,0.00013907031
1945,,,605604,10000026462,0242,10000019926,210000009901,0.02313943997
1946,,,605622,10000014918,0242,10000026530,10000017876,0.04231512972
1947,京广线,jgx,595661,10000014928,0242,10000014273,10000017888,0.02296761826
1948,,,595651,10000012596,0242,10000021124,10000015065,0.00686387887
1949,京承线,jcx,595665,10000026921,0242,10000021780,110000012441,0.00686225496
1950,京原线,jyx,595557,10000011647,0242,210000022056,10000013904,0.00536789883
1951,双丰线,sfx,595652,10000006380,0242,10000008892,10000007692,0.02408978601
1952,,,595652,10000006381,0242,10000008855,10000007692,0.01228685119
1953,京沪线,jhx,595643,10000026712,0242,210000019410,210000011218,0.03704441193
1954,京包线,jbx,605611,10000028550,0242,10000017039,110000021027,0.01484059061
1956,丰沙线,fsx,605515,10000004082,0242,110000013318,10000004925,0.06898326677
1957,大秦线,dqx,605642,10000023449,0242,210000003855,210000027983,0.11242645799
1958,京沪线,jhx,595661,10000027841,0242,10000012859,110000017221,0.01380297030
1959,丰沙线,fsx,595671,10000025777,0242,210000014441,210000006237,0.03790303619
1960,,,595671,10000026288,0242,10000002638,110000008964,0.01207456062
1961,丰沙线,fsx,595661,10000026746,0242,10000020780,110000011382,0.00139230674
1963,丰沙线,fsx,595661,10000011144,0242,10000016887,10000013302,0.00195827328
1964,丰沙线,fsx,605516,10000011158,0242,10000025965,210000013318,0.00104862247
1965,京承线,jcx,605605,10000013946,0242,10000008191,10000016705,0.02429343454
1966,京九线,jjx,595622,10000025826,0242,210000019939,110000006494,0.08373357561
1967,,,595651,10000025830,0242,10000004308,210000006508,0.00496567363
1968,,,605621,10000014882,0242,10000000925,10000017833,0.00169940525
1969,丰沙线,fsx,595670,10000013871,0242,10000002815,10000016615,0.01047482489
1970,西北环线,xbhx,595670,10000013872,0242,10000001103,10000016615,0.00660208569
1971,京秦线,jqx,595665,10000019408,0242,10000015075,10000023161,0.06222050850
1972,,,595664,10000015032,0242,10000027071,10000017999,0.01516283055
1973,,,595664,10000015033,0242,10000002487,10000017999,0.00019346425
1974,,,595672,10000011732,0242,10000022753,10000014010,0.00010047890
1975,京九线,jjx,595632,10000028599,0242,10000008574,110000021274,0.05365013753
1976,西北环线,xbhx,595670,10000028449,0242,10000015936,110000020408,0.01508873623
1977,京津高速铁路,jjgstl,595636,10000024575,0242,210000004178,110000000271,0.11590859156
1978,,,595557,10000024579,0242,10000018261,210000000290,0.00921899679
1979,京包线,jbx,595672,10000009903,0242,10000013612,10000011861,0.03686470720
1980,,,605607,10000029169,0242,10000026797,110000024313,0.00341140031
1981,,,595547,10000026968,0242,110000025935,210000012741,0.02056031924
1983,京沪高速铁路,jhgstl,595642,10000003272,0242,110000010665,110000003928,0.09706035454
1984,,,595670,10000003307,0242,10000024366,110000003970,0.02668522392
1985,,,595642,10000015775,0242,10000028303,10000018880,0.03546775767
1986,京原线,jyx,595661,10000007899,0242,10000020793,10000009479,0.02498965321
1987,丰沙线,fsx,595661,10000007900,0242,110000006237,10000009479,0.05954660444
1988,,,605700,10000017872,0242,10000011292,10000021340,0.00067377451
1989,京原线,jyx,595557,10000016782,0242,110000005754,10000020075,0.01321297699
1990,,,595671,10000016408,0242,10000004677,10000019626,0.01203317609
1991,京原线,jyx,595533,10000016424,0242,110000006450,110000019643,0.02900886851
1992,京承线,jcx,605635,10000021346,0242,110000022414,10000025503,0.01121797920
1993,京原线,jyx,595536,10000007770,0242,10000020713,110000009329,0.03640513180
1994,,,595672,10000009417,0242,10000006535,10000011287,0.00361515838
1995,,,605700,10000009422,0242,10000019573,10000011292,0.00776869788
1996,京承线,jcx,605635,10000019787,0242,10000007752,10000023632,0.01171106857
1997,,,595630,10000019790,0242,10000011315,10000023635,0.00008599509
1998,丰沙线,fsx,595670,10000020393,0242,210000005588,10000024366,0.02344356252
1999,京包线,jbx,605640,10000020391,0242,10000009320,10000024364,0.00082346228
2000,,,605622,10000022214,0242,10000015122,10000026530,0.03437732994
2001,大秦线,dqx,605641,10000025286,0242,210000007598,110000003855,0.14596511211
2002,双丰线,sfx,595662,10000025426,0242,10000003070,210000004559,0.00083409081
2004,京承线,jcx,605615,10000028799,0242,10000014502,110000022320,0.00162082903
2005,大秦线,dqx,605626,10000026393,0242,210000026989,110000009545,0.13875270728
2006,西北环线,xbhx,605611,10000028813,0242,10000028014,110000022397,0.02484301962
2007,京承线,jcx,605645,10000028817,0242,110000021692,210000022414,0.02509972358
2008,京包线,jbx,605603,10000014150,0242,10000011030,10000016944,0.01584393969
2009,,,595664,10000014199,0242,10000023530,10046243334,0.00994479106
2010,,,595664,10000014200,0242,10000017999,10046243335,0.01355544245
2011,京包线,jbx,605621,10000014210,0242,10000014667,10000017012,0.01255669692
2012,,,595557,10000005753,0242,10000012750,10000006935,0.04509602304
2013,,,595670,10000013323,0242,10000001103,10000015936,0.01521714744
2014,西北环线,xbhx,605610,10000029024,0242,10000002164,110000023590,0.01652509976
2015,京承线,jcx,605625,10000025487,0242,10000012932,110000004781,0.01215782664
2016,,,595671,10000987736,0242,10000024091,10000984574,0.01748148025
2017,,,595671,10000987737,0242,10000984574,10000011678,0.00145163471
2018,,,595642,10000029901,0242,10000018880,210000028236,0.00007282720
2019,京承线,jcx,605605,10000029907,0242,10000019035,110000028251,0.00215757140
2020,大秦线,dqx,605627,10000025900,0242,210000009545,210000006890,0.06861762755
2021,,,595642,10000016995,0242,10000023292,10000020314,0.00563369635
2022,双丰线,sfx,595653,10000028961,0242,10000011964,210000023252,0.01228475007
2023,京包线,jbx,605612,10000005977,0242,210000021027,10000007211,0.00025462215
2024,京包线,jbx,595674,10000005980,0242,10000013421,10000007216,0.00189160180
2025,京承线,jcx,605740,10000006462,0242,110000024198,210000007784,0.13696970905
2026,,,595671,10000003881,0242,10000014051,10000004677,0.01384267728
2027,双丰线,sfx,595653,10000006499,0242,10000026851,10000007823,0.03373309365
2028,,,595672,10000008412,0242,10000022087,10000010084,0.00104447470
2029,,,595641,10000009965,0242,110000028236,10000011933,0.01800211658
2030,京沪高速铁路,jhgstl,595663,10000012683,0242,10000026952,210000015174,0.00321978092
2031,,,595547,10000014167,0242,10000025278,10000016964,0.01267029218
2032,京原线,jyx,595547,10000014168,0242,210000002683,10000016964,0.05606450725
2033,,,595664,10000014176,0242,10000027991,10000016975,0.00219022382
2034,,,595664,10000014177,0242,10000022811,10000016975,0.00093361650
2035,京沪线,jhx,595652,10000026880,0242,10000012739,110000012201,0.02215138123
2036,,,605604,10000026881,0242,10000002875,110000012208,0.00787278469
2038,,,595640,10000004994,0242,10000027508,110000006010,0.01409887707
2039,京包线,jbx,605631,10000005109,0242,210000027434,10000006148,0.00659095836
2040,,,595663,10000005116,0242,10000016995,10000006161,0.00069425816
2041,京沪线,jhx,595661,10000021601,0242,10000005148,10000025807,0.00075279068
2042,京包线,jbx,595674,10000010119,0242,210000015344,10000012109,0.00121037387
2043,,,595674,10000009710,0242,110000009901,10000011637,0.05541949296
2046,,,595670,10000022902,0242,10000022774,10000027338,0.00042053918
2047,,,595664,10000005367,0242,10000029198,10000006473,0.06238481416
2048,,,595664,10000012470,0242,10000017999,10000014922,0.00440475306
2049,双丰线,sfx,595662,10000019420,0242,10000025992,10000023179,0.00062807177
2050,,,595651,10000020630,0242,10000026033,10000024644,0.00622683115
2051,,,595652,10000017046,0242,110000008096,10000020382,0.02733857962
2052,双丰线,sfx,595652,10000017047,0242,10000007692,10000020382,0.00485842148
2053,,,595641,10000004506,0242,10000015207,10000005419,0.00541310589
2054,京沪线,jhx,595661,10000021145,0242,10000009439,10000025268,0.03401075613
2055,京原线,jyx,595547,10000018475,0242,10000016964,110000022056,0.05116959534
2056,,,595651,10000021412,0242,10000023579,10000025587,0.01152921047
2057,京沪线,jhx,595651,10000021413,0242,10000001827,10000025587,0.01095278834
2058,双丰线,sfx,595663,10000023133,0242,110000000895,210000027601,0.02165890702
2059,,,595557,10000990738,0242,10000006935,10000987575,0.00014365929
2060,,,595557,10000990739,0242,10000987575,110000010427,0.03325114950
2061,,,595670,10000020394,0242,210000000201,10000024366,0.04573602672
2062,,,605634,10000023880,0242,10000001166,110000028502,0.08494363506
2063,京包线,jbx,605602,10000018887,0242,110000023470,10000022567,0.00741429315
2064,,,605602,10000018888,0242,110000019450,10000022567,0.00881822942
2065,,,595640,10000022385,0242,10000000512,10000026729,0.01024669020
2066,,,595652,10000011608,0242,10000008956,10000013856,0.00592266454
2067,双丰线,sfx,595652,10000011609,0242,10000008956,10000013856,0.00510758968
2068,京沪线,jhx,595652,10000011616,0242,10000017150,10000013864,0.00483970088
2069,,,595652,10000011617,0242,10000014127,10000013864,0.01146926520
2070,大秦线,dqx,605710,10046162208,0242,210000021787,10046160325,0.00995868934
2071,大秦线,dqx,605710,10046162209,0242,10046160325,210000006829,0.07507665203
2072,,,595650,10000008443,0242,10000008201,210000010123,0.00910350141
2073,,,595665,10000011630,0242,10000013559,10000013881,0.00650208980
2074,京包线,jbx,605630,10000011631,0242,110000027290,10000013882,0.08760629942
2075,,,605634,10000000985,0242,210000002092,10000001166,0.01636936828
2076,大秦线,dqx,605634,10000000986,0242,210000016740,10000001166,0.01376362854
2077,,,595547,10000023032,0242,10000007478,10000027480,0.00017697273
2078,,,605646,10001475801,0242,10001086580,10001472626,0.00219520718
2079,,,605646,10001475803,0242,10001472626,10001472627,0.00011209409
2080,,,605646,10001475804,0242,10001472627,10001086576,0.00186205024
2081,丰沙线,fsx,595661,10000012422,0242,10000024497,10000014862,0.00455422060
2082,,,595663,10000014193,0242,10000028429,10000016995,0.00567749551
2083,,,595663,10000014194,0242,10000019116,10000016995,0.00485095611
2084,京沪线,jhx,595642,10000016225,0242,10000009484,110000019410,0.01882171943
2085,京包线,jbx,595672,10000016239,0242,10000016573,10000019429,0.00008599491
2086,,,595642,10000023711,0242,10000002059,10000028303,0.00011043687
2087,,,605607,10000016445,0242,10000016021,10000019669,0.00011173587
2088,,,605612,10000019409,0242,10000015606,10000023162,0.00854987944
